<?xml version="1.0" ?>
<tvb_data Data_version="3">
	<status>5-FINISHED</status>
	<range_values>None</range_values>
	<create_date>2015-07-09,00-40-54.477575</create_date>
	<parameters>{&quot;Data_Subject&quot;: &quot;John Doe&quot;, &quot;sensors_type&quot;: &quot;Internal Sensors&quot;, &quot;sensors_file&quot;: &quot;/Users/MW/TVB/PROJECTS/Default_Project_v14/TEMP/.tmp2015-07-09,00-40-54.470508_sensors_file_SEEG_588.txt&quot;}</parameters>
	<fk_launched_in>2cc58a73-25c1-11e5-a7af-14109fe3bf71</fk_launched_in>
	<fk_from_algo>{&quot;classname&quot;: &quot;Sensors_Importer&quot;, &quot;identifier&quot;: null, &quot;init_parameter&quot;: null, &quot;module&quot;: &quot;tvb.adapters.uploaders.sensors_importer&quot;}</fk_from_algo>
	<additional_info></additional_info>
	<method_name>launch</method_name>
	<visible>True</visible>
	<completion_date>2015-07-09,00-40-54.577946</completion_date>
	<meta_data>{&quot;Data_State&quot;: &quot;RAW_DATA&quot;}</meta_data>
	<estimated_disk_size>0</estimated_disk_size>
	<user_group>2015-07-09,00-40-54</user_group>
	<gid>6481c030-25c2-11e5-b432-14109fe3bf71</gid>
	<start_date>2015-07-09,00-40-54.499890</start_date>
</tvb_data>
