<?xml version="1.0" ?>
<tvb_data Data_version="3">
	<status>4-FINISHED</status>
	<range_values>None</range_values>
	<create_date>2014-09-29,14-18-02.000000</create_date>
	<fk_launched_in>3ccbe88a-47ca-11e4-809c-3c075431bf56</fk_launched_in>
	<parameters>{&quot;cutoff&quot;: &quot;20.0&quot;, &quot;equation_parameters_option_Gaussian_parameters_parameters_sigma&quot;: &quot;1.0&quot;, &quot;equation_parameters_option_Gaussian_equation&quot;: &quot;(amp * exp(-((var-midpoint)**2 / (2.0 * sigma**2))))+offset&quot;, &quot;equation&quot;: &quot;Gaussian&quot;, &quot;surface&quot;: &quot;3d4a1514-47ca-11e4-99ec-3c075431bf56&quot;, &quot;equation_parameters_option_Gaussian_parameters_parameters_offset&quot;: &quot;0.0&quot;, &quot;equation_parameters_option_Gaussian_parameters_parameters_midpoint&quot;: &quot;0.0&quot;, &quot;equation_parameters_option_Gaussian_parameters_parameters_amp&quot;: &quot;1.0&quot;, &quot;User_Tag_1_Perpetuated&quot;: &quot;&quot;}</parameters>
	<fk_from_algo>{&quot;classname&quot;: &quot;LocalConnectivityCreator&quot;, &quot;identifier&quot;: null, &quot;init_parameter&quot;: null, &quot;module&quot;: &quot;tvb.adapters.creators.local_connectivity_creator&quot;}</fk_from_algo>
	<additional_info></additional_info>
	<method_name>launch</method_name>
	<visible>False</visible>
	<completion_date>2014-09-29,14-18-35.000000</completion_date>
	<meta_data>{&quot;Data_State&quot;: &quot;RAW_DATA&quot;, &quot;User_Tag_1_Perpetuated&quot;: &quot;&quot;}</meta_data>
	<user_group>local_conn</user_group>
	<result_disk_size>1300</result_disk_size>
	<gid>cd185a82-47ce-11e4-847a-3c075431bf56</gid>
	<start_date>2014-09-29,14-18-02.455827</start_date>
</tvb_data>
