<?xml version="1.0" ?>
<tvb_data Data_version="3">
	<status>5-FINISHED</status>
	<range_values>None</range_values>
	<create_date>2015-06-05,13-51-42.027297</create_date>
	<fk_launched_in>3ccbe88a-47ca-11e4-809c-3c075431bf56</fk_launched_in>
	<parameters>{&quot;uploaded&quot;: &quot;/Users/lia.domide/TVB/PROJECTS/Default_Project/TEMP/.tmp2015-06-05,13-51-42.018648_uploaded_connectivity_76.zip&quot;, &quot;Data_Subject&quot;: &quot;John Doe&quot;}</parameters>
	<fk_from_algo>{&quot;classname&quot;: &quot;ZIPConnectivityImporter&quot;, &quot;identifier&quot;: null, &quot;init_parameter&quot;: null, &quot;module&quot;: &quot;tvb.adapters.uploaders.zip_connectivity_importer&quot;}</fk_from_algo>
	<additional_info></additional_info>
	<method_name>launch</method_name>
	<visible>True</visible>
	<completion_date>2015-06-05,13-51-42.252599</completion_date>
	<meta_data>{&quot;Data_State&quot;: &quot;RAW_DATA&quot;}</meta_data>
	<estimated_disk_size>0</estimated_disk_size>
	<user_group>conn_76</user_group>
	<gid>3b67c7de-0b79-11e5-869d-3c075431bf56</gid>
	<start_date>2015-06-05,13-51-42.080912</start_date>
</tvb_data>
