<?xml version="1.0" ?>
<tvb_data Data_version="2">
	<status>4-FINISHED</status>
	<range_values>None</range_values>
	<create_date>2014-09-29,14-19-01.000000</create_date>
	<parameters>{&quot;Data_Subject&quot;: &quot;John Doe&quot;, &quot;sensors_type&quot;: &quot;EEG Sensors&quot;, &quot;uid&quot;: &quot;62_sensors&quot;, &quot;sensors_file&quot;: &quot;/WORK/TVB/tvb-root/tvb_data/tvb_data/sensors/EEG_unit_vectors_BrainProducts_62.txt.bz2&quot;}</parameters>
	<fk_launched_in>3ccbe88a-47ca-11e4-809c-3c075431bf56</fk_launched_in>
	<fk_from_algo>{&quot;classname&quot;: &quot;Sensors_Importer&quot;, &quot;identifier&quot;: null, &quot;init_parameter&quot;: null, &quot;module&quot;: &quot;tvb.adapters.uploaders.sensors_importer&quot;}</fk_from_algo>
	<additional_info></additional_info>
	<method_name>launch</method_name>
	<visible>True</visible>
	<completion_date>2014-09-29,14-19-04.000000</completion_date>
	<meta_data>{&quot;Data_State&quot;: &quot;RAW_DATA&quot;}</meta_data>
	<user_group>sensors</user_group>
	<result_disk_size>59</result_disk_size>
	<gid>3decad26-47ca-11e4-acec-3c075431bf56</gid>
	<start_date>2014-09-29,14-19-01.131395</start_date>
</tvb_data>
