<?xml version="1.0" ?>
<tvb_data Data_version="3">
	<status>5-FINISHED</status>
	<range_values>None</range_values>
	<create_date>2015-07-09,00-43-26.824896</create_date>
	<parameters>{&quot;Data_Subject&quot;: &quot;John Doe&quot;, &quot;sensors&quot;: &quot;64861600-25c2-11e5-8fd1-14109fe3bf71&quot;, &quot;surface&quot;: &quot;45942aeb-25c1-11e5-8e9d-14109fe3bf71&quot;, &quot;filename&quot;: &quot;/Users/MW/TVB/PROJECTS/Default_Project_v14/TEMP/.tmp2015-07-09,00-43-25.939441_filename_headmodel_surf_openmeeg.mat&quot;}</parameters>
	<fk_launched_in>2cc58a73-25c1-11e5-a7af-14109fe3bf71</fk_launched_in>
	<fk_from_algo>{&quot;classname&quot;: &quot;BrainstormGainMatrixImporter&quot;, &quot;identifier&quot;: null, &quot;init_parameter&quot;: null, &quot;module&quot;: &quot;tvb.adapters.uploaders.projection_matrix_importer&quot;}</fk_from_algo>
	<additional_info></additional_info>
	<method_name>launch</method_name>
	<visible>True</visible>
	<completion_date>2015-07-09,00-43-31.616995</completion_date>
	<meta_data>{&quot;Data_State&quot;: &quot;RAW_DATA&quot;}</meta_data>
	<estimated_disk_size>0</estimated_disk_size>
	<user_group>2015-07-09,00-43-31</user_group>
	<gid>bf501b73-25c2-11e5-b488-14109fe3bf71</gid>
	<start_date>2015-07-09,00-43-26.890011</start_date>
</tvb_data>
