<?xml version="1.0" ?>
<tvb_data Data_version="3">
	<status>5-FINISHED</status>
	<range_values>None</range_values>
	<create_date>2015-07-16,11-39-47.511768</create_date>
	<parameters>{&quot;uploaded&quot;: &quot;/Users/MW/TVB/PROJECTS/Default_Project/TEMP/.tmp2015-07-16,11-39-47.502802_uploaded_eegcap_1202.zip&quot;, &quot;Data_Subject&quot;: &quot;John Doe&quot;, &quot;zero_based_triangles&quot;: &quot;on&quot;, &quot;surface_type&quot;: &quot;EEG Cap&quot;}</parameters>
	<fk_launched_in>2cc58a73-25c1-11e5-a7af-14109fe3bf71</fk_launched_in>
	<fk_from_algo>{&quot;classname&quot;: &quot;ZIPSurfaceImporter&quot;, &quot;identifier&quot;: null, &quot;init_parameter&quot;: null, &quot;module&quot;: &quot;tvb.adapters.uploaders.zip_surface_importer&quot;}</fk_from_algo>
	<additional_info>Topologically not 1 or 2 spheres.  |  Has isolated vertices.  |  Has holes.</additional_info>
	<method_name>launch</method_name>
	<visible>True</visible>
	<completion_date>2015-07-16,11-39-47.773491</completion_date>
	<meta_data>{&quot;Data_State&quot;: &quot;RAW_DATA&quot;}</meta_data>
	<estimated_disk_size>0</estimated_disk_size>
	<user_group>2015-07-16,11-39-47</user_group>
	<gid>98ec4d73-2b9e-11e5-816b-14109fe3bf71</gid>
	<start_date>2015-07-16,11-39-47.536912</start_date>
</tvb_data>
