<?xml version="1.0" ?>
<tvb_data Data_version="4">
	<status>5-FINISHED</status>
	<range_values>None</range_values>
	<gid>a5167fe6-25c2-11e5-9fed-14109fe3bf71</gid>
	<create_date>2015-07-09,00-42-42.826599</create_date>
	<parameters>{&quot;Data_Subject&quot;: &quot;John Doe&quot;, &quot;sensors&quot;: &quot;6d4ba3f3-25c2-11e5-8b7a-14109fe3bf71&quot;, &quot;dataset_name&quot;: &quot;ProjectionMatrix&quot;, &quot;surface&quot;: &quot;45942aeb-25c1-11e5-8e9d-14109fe3bf71&quot;, &quot;projection_file&quot;: &quot;/Users/MW/TVB/PROJECTS/Default_Project_v14/TEMP/.tmp2015-07-09,00-42-42.768004_projection_file_projection_MEG_surface_248_f32.npy&quot;}</parameters>
	<fk_launched_in>2cc58a73-25c1-11e5-a7af-14109fe3bf71</fk_launched_in>
	<fk_from_algo>{&quot;classname&quot;: &quot;ProjectionMatrixSurfaceEEGImporter&quot;, &quot;identifier&quot;: null, &quot;init_parameter&quot;: null, &quot;module&quot;: &quot;tvb.adapters.uploaders.projection_matrix_importer&quot;}</fk_from_algo>
	<additional_info></additional_info>
	<method_name>launch</method_name>
	<visible>True</visible>
	<completion_date>2015-07-09,00-42-43.047654</completion_date>
	<meta_data>{&quot;Data_State&quot;: &quot;RAW_DATA&quot;}</meta_data>
	<user_group>mapping_importer</user_group>
	<estimated_disk_size>0</estimated_disk_size>
	<start_date>2015-07-09,00-42-42.890149</start_date>
</tvb_data>
