<?xml version="1.0" ?>
<tvb_data Data_version="4">
	<status>5-FINISHED</status>
	<range_values>None</range_values>
	<create_date>2015-09-15,17-21-05.396010</create_date>
	<fk_launched_in>2cc58a73-25c1-11e5-a7af-14109fe3bf71</fk_launched_in>
	<parameters>{&quot;Data_Subject&quot;: &quot;John Doe&quot;, &quot;mapping_file&quot;: &quot;/Users/lia.domide/TVB/PROJECTS/Default_Project/TEMP/.tmp2015-09-15,17-21-05.389933_mapping_file_regionMapping_16k_76.zip&quot;, &quot;surface&quot;: &quot;45942aeb-25c1-11e5-8e9d-14109fe3bf71&quot;, &quot;connectivity&quot;: &quot;f6be362b-5bb4-11e5-8b0d-a45e60e5b22f&quot;}</parameters>
	<fk_from_algo>{&quot;classname&quot;: &quot;RegionMapping_Importer&quot;, &quot;identifier&quot;: null, &quot;init_parameter&quot;: null, &quot;module&quot;: &quot;tvb.adapters.uploaders.region_mapping_importer&quot;}</fk_from_algo>
	<additional_info></additional_info>
	<method_name>launch</method_name>
	<visible>True</visible>
	<completion_date>2015-09-15,17-21-05.550395</completion_date>
	<meta_data>{&quot;Data_State&quot;: &quot;RAW_DATA&quot;}</meta_data>
	<estimated_disk_size>0</estimated_disk_size>
	<user_group>mapping_importer</user_group>
	<gid>001fcd47-5bb5-11e5-8031-a45e60e5b22f</gid>
	<start_date>2015-09-15,17-21-05.462309</start_date>
</tvb_data>
