<?xml version="1.0" ?>
<tvb_data Data_version="4">
	<status>5-FINISHED</status>
	<range_values>None</range_values>
	<create_date>2015-09-15,17-20-49.608937</create_date>
	<fk_launched_in>2cc58a73-25c1-11e5-a7af-14109fe3bf71</fk_launched_in>
	<parameters>{&quot;uploaded&quot;: &quot;/Users/lia.domide/TVB/PROJECTS/Default_Project/TEMP/.tmp2015-09-15,17-20-49.602674_uploaded_connectivity_76.zip&quot;, &quot;Data_Subject&quot;: &quot;John Doe&quot;}</parameters>
	<fk_from_algo>{&quot;classname&quot;: &quot;ZIPConnectivityImporter&quot;, &quot;identifier&quot;: null, &quot;init_parameter&quot;: null, &quot;module&quot;: &quot;tvb.adapters.uploaders.zip_connectivity_importer&quot;}</fk_from_algo>
	<meta_data>{&quot;Data_State&quot;: &quot;RAW_DATA&quot;}</meta_data>
	<additional_info></additional_info>
	<method_name>launch</method_name>
	<visible>True</visible>
	<completion_date>2015-09-15,17-20-49.751872</completion_date>
	<gid>f6b6e29e-5bb4-11e5-bab5-a45e60e5b22f</gid>
	<user_group>connectivity_importer</user_group>
	<estimated_disk_size>0</estimated_disk_size>
	<start_date>2015-09-15,17-20-49.638384</start_date>
</tvb_data>
