<?xml version="1.0" ?>
<tvb_data Data_version="4">
	<status>5-FINISHED</status>
	<range_values>None</range_values>
	<gid>44ef7c2b-25c1-11e5-a662-14109fe3bf71</gid>
	<create_date>2015-07-09,00-32-52.012910</create_date>
	<parameters>{&quot;uploaded&quot;: &quot;/Users/MW/TVB/PROJECTS/Default_Project_v14/TEMP/.tmp2015-07-09,00-32-52.004592_uploaded_cortex_16384.zip&quot;, &quot;Data_Subject&quot;: &quot;John Doe&quot;, &quot;zero_based_triangles&quot;: &quot;on&quot;, &quot;surface_type&quot;: &quot;Cortical Surface&quot;}</parameters>
	<fk_launched_in>2cc58a73-25c1-11e5-a7af-14109fe3bf71</fk_launched_in>
	<fk_from_algo>{&quot;classname&quot;: &quot;ZIPSurfaceImporter&quot;, &quot;identifier&quot;: null, &quot;init_parameter&quot;: null, &quot;module&quot;: &quot;tvb.adapters.uploaders.zip_surface_importer&quot;}</fk_from_algo>
	<additional_info></additional_info>
	<method_name>launch</method_name>
	<visible>True</visible>
	<completion_date>2015-07-09,00-32-54.336530</completion_date>
	<meta_data>{&quot;Data_State&quot;: &quot;RAW_DATA&quot;}</meta_data>
	<user_group>surface_importer</user_group>
	<estimated_disk_size>0</estimated_disk_size>
	<start_date>2015-07-09,00-32-52.034965</start_date>
</tvb_data>
