<?xml version="1.0" ?>
<tvb_data Data_version="3">
	<status>5-FINISHED</status>
	<range_values>None</range_values>
	<create_date>2015-06-04,15-06-29.019272</create_date>
	<parameters>{&quot;Data_Subject&quot;: &quot;John Doe&quot;, &quot;mapping_file&quot;: &quot;/Users/lia.domide/TVB/PROJECTS/Default_Project/TEMP/.tmp2015-06-04,15-06-29.010785_mapping_file_regionMapping_16k_74.txt&quot;, &quot;surface&quot;: &quot;3d4a1514-47ca-11e4-99ec-3c075431bf56&quot;, &quot;connectivity&quot;: &quot;3d2a4561-47ca-11e4-884e-3c075431bf56&quot;}</parameters>
	<fk_launched_in>3ccbe88a-47ca-11e4-809c-3c075431bf56</fk_launched_in>
	<fk_from_algo>{&quot;classname&quot;: &quot;RegionMapping_Importer&quot;, &quot;identifier&quot;: null, &quot;init_parameter&quot;: null, &quot;module&quot;: &quot;tvb.adapters.uploaders.region_mapping_importer&quot;}</fk_from_algo>
	<additional_info></additional_info>
	<method_name>launch</method_name>
	<visible>False</visible>
	<completion_date>2015-06-04,15-06-29.258340</completion_date>
	<meta_data>{&quot;Data_State&quot;: &quot;RAW_DATA&quot;}</meta_data>
	<estimated_disk_size>0</estimated_disk_size>
	<user_group>srf_reg13</user_group>
	<gid>8372abb0-0aba-11e5-8221-3c075431bf56</gid>
	<start_date>2015-06-04,15-06-29.103939</start_date>
</tvb_data>
