<?xml version="1.0" ?>
<tvb_data Data_version="3">
	<status>5-FINISHED</status>
	<range_values>None</range_values>
	<create_date>2015-06-05,13-53-07.801914</create_date>
	<fk_launched_in>3ccbe88a-47ca-11e4-809c-3c075431bf56</fk_launched_in>
	<parameters>{&quot;Data_Subject&quot;: &quot;John Doe&quot;, &quot;mapping_file&quot;: &quot;/Users/lia.domide/TVB/PROJECTS/Default_Project/TEMP/.tmp2015-06-05,13-53-07.791831_mapping_file_regionMapping_16k_76.txt&quot;, &quot;surface&quot;: &quot;3d4a1514-47ca-11e4-99ec-3c075431bf56&quot;, &quot;connectivity&quot;: &quot;3b75f4e3-0b79-11e5-8d28-3c075431bf56&quot;}</parameters>
	<fk_from_algo>{&quot;classname&quot;: &quot;RegionMapping_Importer&quot;, &quot;identifier&quot;: null, &quot;init_parameter&quot;: null, &quot;module&quot;: &quot;tvb.adapters.uploaders.region_mapping_importer&quot;}</fk_from_algo>
	<meta_data>{&quot;Data_State&quot;: &quot;RAW_DATA&quot;}</meta_data>
	<additional_info></additional_info>
	<method_name>launch</method_name>
	<visible>False</visible>
	<completion_date>2015-06-05,13-53-08.038035</completion_date>
	<gid>6e87f254-0b79-11e5-9ee5-3c075431bf56</gid>
	<user_group>conn_76</user_group>
	<estimated_disk_size>0</estimated_disk_size>
	<start_date>2015-06-05,13-53-07.886774</start_date>
</tvb_data>
