<?xml version="1.0" ?>
<tvb_data Data_version="3">
	<status>5-FINISHED</status>
	<range_values>None</range_values>
	<create_date>2015-06-14,16-05-06.885647</create_date>
	<fk_launched_in>3ccbe88a-47ca-11e4-809c-3c075431bf56</fk_launched_in>
	<parameters>{&quot;Data_Subject&quot;: &quot;John Doe&quot;, &quot;sensors&quot;: &quot;3edd7df8-47ca-11e4-aa4d-3c075431bf56&quot;, &quot;dataset_name&quot;: &quot;ProjectionMatrix&quot;, &quot;surface&quot;: &quot;3d4a1514-47ca-11e4-99ec-3c075431bf56&quot;, &quot;projection_file&quot;: &quot;/Users/lia.domide/TVB/PROJECTS/Default_Project/TEMP/.tmp2015-06-14,16-05-06.843354_projection_file_surface_reg_13_eeg_62.mat&quot;}</parameters>
	<fk_from_algo>{&quot;classname&quot;: &quot;ProjectionMatrixSurfaceEEGImporter&quot;, &quot;identifier&quot;: null, &quot;init_parameter&quot;: null, &quot;module&quot;: &quot;tvb.adapters.uploaders.projection_matrix_importer&quot;}</fk_from_algo>
	<meta_data>{&quot;Data_State&quot;: &quot;RAW_DATA&quot;}</meta_data>
	<additional_info></additional_info>
	<method_name>launch</method_name>
	<visible>True</visible>
	<completion_date>2015-06-14,16-05-07.187317</completion_date>
	<gid>5c63fb35-129e-11e5-9802-68a86d1bd4fa</gid>
	<user_group>eeg-62</user_group>
	<estimated_disk_size>0</estimated_disk_size>
	<start_date>2015-06-14,16-05-06.975824</start_date>
</tvb_data>
