<?xml version="1.0" ?>
<tvb_data Data_version="3">
	<status>5-FINISHED</status>
	<range_values>None</range_values>
	<create_date>2015-07-01,20-25-54.819221</create_date>
	<parameters>{&quot;Data_Subject&quot;: &quot;John Doe&quot;, &quot;mapping_file&quot;: &quot;/Users/lia.domide/TVB/PROJECTS/Default_Project/TEMP/.tmp2015-07-01,20-25-54.809714_mapping_file_regmap.txt&quot;, &quot;surface&quot;: &quot;3d4a1514-47ca-11e4-99ec-3c075431bf56&quot;, &quot;connectivity&quot;: &quot;3b75f4e3-0b79-11e5-8d28-3c075431bf56&quot;}</parameters>
	<fk_launched_in>3ccbe88a-47ca-11e4-809c-3c075431bf56</fk_launched_in>
	<fk_from_algo>{&quot;classname&quot;: &quot;RegionMapping_Importer&quot;, &quot;identifier&quot;: null, &quot;init_parameter&quot;: null, &quot;module&quot;: &quot;tvb.adapters.uploaders.region_mapping_importer&quot;}</fk_from_algo>
	<additional_info></additional_info>
	<method_name>launch</method_name>
	<visible>False</visible>
	<completion_date>2015-07-01,20-25-55.167007</completion_date>
	<meta_data>{&quot;Data_State&quot;: &quot;RAW_DATA&quot;}</meta_data>
	<estimated_disk_size>None</estimated_disk_size>
	<user_group>rm_16k_76reg</user_group>
	<gid>3a8a8047-2016-11e5-b160-68a86d1bd4fa</gid>
	<start_date>2015-07-01,20-25-54.937462</start_date>
</tvb_data>
