<?xml version="1.0" ?>
<tvb_data Data_version="2">
	<status>4-FINISHED</status>
	<range_values>None</range_values>
	<create_date>2014-09-29,14-17-45.000000</create_date>
	<parameters>{&quot;cff&quot;: &quot;/WORK/TVB/tvb-root/tvb_data/tvb_data/cff/dataset_74.cff&quot;, &quot;Data_Subject&quot;: &quot;John Doe&quot;, &quot;uid&quot;: &quot;cff_74k&quot;}</parameters>
	<fk_launched_in>3ccbe88a-47ca-11e4-809c-3c075431bf56</fk_launched_in>
	<fk_from_algo>{&quot;classname&quot;: &quot;CFF_Importer&quot;, &quot;identifier&quot;: null, &quot;init_parameter&quot;: null, &quot;module&quot;: &quot;tvb.adapters.uploaders.cff_importer&quot;}</fk_from_algo>
	<additional_info></additional_info>
	<method_name>launch</method_name>
	<visible>True</visible>
	<completion_date>2014-09-29,14-17-49.000000</completion_date>
	<meta_data>{&quot;Data_State&quot;: &quot;RAW_DATA&quot;}</meta_data>
	<user_group>cff_74</user_group>
	<result_disk_size>122</result_disk_size>
	<gid>3cf76df3-47ca-11e4-86f3-3c075431bf56</gid>
	<start_date>2014-09-29,14-17-45.108563</start_date>
</tvb_data>
